TEMA,SUBTEMA,SUBCATEGORIA,PREGUNTA,RESPUESTA
Valor posicional ,Unidades y decenas ,Grupos de diez objetos ,¿Cuántas decenas hay en el número 80?,8
Valor posicional ,Unidades y decenas ,Grupos de diez objetos ,¿El profesor de educación física tiene 30 pelotas de fútbol? ¿Puede poner las pelotas de fútbol en (RESPUESTA) grupos de 10?,3
Valor posicional ,Unidades y decenas ,Grupos de diez objetos ,¿A cuanto equivalen 4 decenas?,40
Valor posicional ,Unidades y decenas ,Grupos de diez objetos ,El número 70 tiene (RESPUESTA) grupos de diez,7
Valor posicional ,Unidades y decenas ,Grupos de diez objetos ,Anthony atrapó 50 catarinas. Un frasco puede guardar diez catarinas. Anthony necesita (RESPUESTA) frascos para guardar sus 50 catarinas ,5
Valor posicional ,Unidades y decenas ,Grupos de diez objetos ,En el zoologico hay 50 leones. Los leones pueden ponerse en (RESPUESTA) grupos de 10,5
Valor posicional ,Unidades y decenas ,Grupos de diez objetos ,Una bolsa puede contener diez gallestas. El hada de las galletas tiene 60 galletas. El hada de las galletas necesita (RESPUESTA) bolsas para las 60 galletas ,6
Valor posicional ,Unidades y decenas ,Grupos de diez objetos ,Hay 70 bicicletas. Las bicicletas pueden ponerse en (RESPUESTA) grupos de 10,7
Valor posicional ,Unidades y decenas ,Decenas y unidades,7 decenas + 5 unidades = (RESPUESTA),75
Valor posicional ,Unidades y decenas ,Decenas y unidades,38 = (RESPUESTA) decenas + 8 unidades,3
Valor posicional ,Unidades y decenas ,Decenas y unidades,38 = (RESPUESTA) unidades,38
Valor posicional ,Unidades y decenas ,Decenas y unidades,En el zoologico hay 80 leones. Los leones pueden ponerse en (RESPUESTA) grupos de 10,8
Valor posicional ,Unidades y decenas ,Decenas y unidades,9 decenas + 2 unidades = (RESPUESTA),92
Valor posicional ,Unidades y decenas ,Decenas y unidades,Hay 20 bicicletas. Las bicicletas pueden ponerse en (RESPUESTA) grupos de 10,2
Valor posicional ,Unidades y decenas ,Decenas y unidades,El número 40 tiene (RESPUESTA) grupos de diez,4
Valor posicional ,Unidades y decenas ,Decenas y unidades,87 = (RESPUESTA) unidades,87
Valor posicional ,Unidades y decenas ,Desafío de valor posicional de 2 digitos ,¿Qué número es lo mismo que 3 decenas + 18 unidades?,48
Valor posicional ,Unidades y decenas ,Desafío de valor posicional de 2 digitos ,¿Qué número es lo mismo que 5 decenas + 12 unidades?,62
Valor posicional ,Redondear,Redondea a la decena o centena mas cercana ,A la gallina le tomó 75 segundos cruzar el camino. Redondea el numero de segundos a la decena mas cercana ,80
Valor posicional ,Redondear,Redondea a la decena o centena mas cercana ,Un Vaso tiene 356 ml de jugo de manzana. Redondea la cantidadd de jugo de manzana a la centena mas cercana ,400
Valor posicional ,Redondear,Redondea a la decena o centena mas cercana ,¿Cual es el numero mayor que se redondea a 60 si estamos redondeando a la decena mas cercana? ,59
Valor posicional ,Redondear,Redondea a la decena o centena mas cercana ,Redondea 89 a la decena mas cercana ,90
Valor posicional ,Redondear,Redondea a la decena o centena mas cercana ,Redondea 89 a la centena mas cercana ,100
Valor posicional ,Redondear,Redondea a la decena o centena mas cercana en la recta numérica ,¿Cuánto es 238 redondeado a la decena más cercana?,240
Valor posicional ,Redondear,Redondea a la decena o centena mas cercana en la recta numérica ,¿Cuánto es 238 redondeado a la centena más cercana?,200
Valor posicional ,Redondear,Redondea a la decena o centena mas cercana en la recta numérica ,¿Cuánto es 431 redondeado a la centena más cercana?,400
Valor posicional ,Redondear,Redondea a la decena o centena mas cercana en la recta numérica ,¿Cuánto es 431 redondeado a la decena más cercana?,430
Valor posicional ,Redondear,Redondea a la decena o centena mas cercana en la recta numérica ,¿Cuánto es 675 redondeado a la centena más cercana?,700
Valor posicional ,Redondear,Redondea a la decena o centena mas cercana en la recta numérica ,¿Cuánto es 675 redondeado a la decena más cercana?,680
Valor posicional ,Redondear,Redondea a la decena o centena mas cercana en la recta numérica ,¿Cuánto es 116 redondeado a la centena más cercana?,100
Valor posicional ,Redondear,Redondea a la decena o centena mas cercana en la recta numérica ,¿Cuánto es 116 redondeado a la decena más cercana?,120
Valor posicional ,Redondear ,Desafío de redondear a la decena o centena mas cercana ,"Si consideramos que 7 es el digito de las unidades, 5 es el digito de las decenas, y 500 es la centena mas cercana cuando redondeamos,¿Cuál podría ser el número mas grande que cuente con estas cualidades?",457
Valor posicional ,Redondear ,Desafío de redondear a la decena o centena mas cercana ,"Si consideramos que 10 es la decena mas cercana cuando redondeamos y que 2 es uno de los digitos,¿Cuál podría ser el número mas grande que cuente con estas cualidades?",12
Valor posicional ,Redondear ,Desafío de redondear a la decena o centena mas cercana ,¿Cuál puede ser el numero natural mas grande que se redondea hacia arriba o hacia abajo a 20 si estamos redondeando a la decima mas cercana?,24
Valor posicional ,Redondear ,Desafío de redondear a la decena o centena mas cercana ,¿Cuál puede ser el numero natural mas chico que se redondea hacia arriba o hacia abajo a 20 si estamos redondeando a la decima mas cercana?,15
Valor posicional ,Valor posicional ,Valor posicional ,"En una tabla, tenemos como dato que el valor de las centenas es 8, el de las decenas es 0, y el de las unidades es 2. Habiendo analizado estos datos, ¿cual es el valor del valor posicional?",802
Valor posicional ,Valor posicional ,Valor posicional ,¿Cuantas unidades se encuentran en el valor posicional de 394?,394
Valor posicional ,Valor posicional ,Valor posicional ,¿Cuántas decenas se encuentran en el valor posicional de 734?,73
Valor posicional ,Valor posicional ,Valor posicional ,¿Cuántas centenas se encuentran en el valor posicional de 293?,2
Valor posicional ,Valor posicional ,Valor posicional ,¿Cuántas decenas se necesitarian para poder equivaler el valor posicional de 729?,72
Valor posicional ,Valor posicional ,Valor posicional ,¿Cuántas unidades se necesitarian para poder equivaler el valor posicional de 672?,672
Valor posicional ,Valor posicional ,Valor posicional ,¿Cuántas centenas se necesitarian para poder equivaler el valor posicional de 510?,5
Algebra ,Fundamentos de algebra,Evaluar Expresiones con una sola variable,Evalúa n/6 + 2 considerando que n=12,4
Algebra ,Fundamentos de algebra,Evaluar Expresiones con una sola variable,Evalua c - 2 considerando que c=7,5
Algebra ,Fundamentos de algebra,Evaluar Expresiones con una sola variable,Evalua 9 - 8/S considerando que s=4,7
Algebra ,Fundamentos de algebra,Evaluar Expresiones con una sola variable,Evalua 8 + 3e considerando que e=2,14
Algebra ,Fundamentos de algebra,Evaluar Expresiones con una sola variable,Evalua 5 - t/3 considerando que t=12,1
Algebra ,Fundamentos de algebra,Evaluar Expresiones con multiples variables,Evalúa 3+jk+k**3 considerando que j=2 y k=6,231
Algebra ,Fundamentos de algebra,Evaluar Expresiones con multiples variables,Evalúa 9/g + 2h + 5 considerando que g=3 y h=6,20
Algebra ,Fundamentos de algebra,Evaluar Expresiones con multiples variables,Evalúa 10m + (n^2)/4 considerando que m=5 y n=4,54
Algebra ,Fundamentos de algebra,Evaluar Expresiones con multiples variables,Evalúa 8r - rs considerando que r=6 y s=5,18
Algebra ,Fundamentos de algebra,Evaluar Expresiones con multiples variables,Evalua 0.1m + 8 - 12n cuando  m=30 y n=1/4,8
Algebra ,Fundamentos de algebra,Evaluar expresiones con múltiples variables: fracciones y decimales ,Evalua 8j - k + 14 considerando que j=0.25 y k=1,15
Algebra ,Fundamentos de algebra,Evaluar expresiones con múltiples variables: fracciones y decimales ,Evalua 7j + 5 - 8k considerando que j=0.5 y k=0.25,6.5
Algebra ,Fundamentos de algebra,Evaluar expresiones con múltiples variables: fracciones y decimales ,Evalua 5c + considerando que c=1/5 y d=15 ,4
Algebra ,Fundamentos de algebra,Evaluar expresiones con múltiples variables: fracciones y decimales ,Evalua 1/4c + 3d considerando que c=6 y d=7,22.5
Algebra ,Fundamentos de algebra,Evaluar expresiones con múltiples variables: fracciones y decimales ,Evalua 4 - 0.25g + 0.5h considerando que g=10 y h=5,4
Algebra ,Resolver ecuaciones y desigualdades ,Ecuaciones con variables en ambos lados ,Despeja e cuando 9e + 4 = -5e + 14 + 13e,10
Algebra ,Resolver ecuaciones y desigualdades ,Ecuaciones con variables en ambos lados ,Despeja d cuando 2d + 4 = 10 + 5d,-2
Algebra ,Resolver ecuaciones y desigualdades ,Ecuaciones con variables en ambos lados ,Despeja k cuando 20 - 6 + 4k = 2 - 2k,-2
Algebra ,Resolver ecuaciones y desigualdades ,Ecuaciones con variables en ambos lados ,Despeja c cuando 12c - 4 = 14c - 10,3
Algebra ,Resolver ecuaciones y desigualdades ,Ecuaciones con variables en ambos lados ,Despeja m cuando  -7 + 4m + 10 = 15 - 2m,2
Algebra ,Resolver ecuaciones y desigualdades ,Ecuaciones con paréntesis ,Despeja r cuando 4r -3 = 3 (3r + 4),-3
Algebra ,Resolver ecuaciones y desigualdades ,Ecuaciones con paréntesis ,Despeja h cuando 7h = -2 (2h - 18),2
Algebra ,Resolver ecuaciones y desigualdades ,Ecuaciones con paréntesis ,Despeja g cuando  9g = 3( -4 + 5g),2
Algebra ,Resolver ecuaciones y desigualdades ,Ecuaciones con paréntesis ,Despeja f cuando 3(6 - f) - 4 = 3f - 4,3
Algebra ,Resolver ecuaciones y desigualdades ,Ecuaciones con paréntesis ,Despeja p cuando 10p - 3 = 2(12 + 4p) - 7,10
Algebra ,Resolver ecuaciones y desigualdades ,Ecuaciones con paréntesis: decimales y fracciones ,Despeja f cuando  4(0.5f − 0.25) = 6 + f,7
Algebra ,Resolver ecuaciones y desigualdades ,Ecuaciones con paréntesis: decimales y fracciones ,Despeja d cuando 0.5(7d + 4) = 7 − 1.5d,1
Algebra ,Resolver ecuaciones y desigualdades ,Ecuaciones con paréntesis: decimales y fracciones ,"Despeja f cuando 9f = 1/2 * (12f - 2) ¡¡¡Ojo, esta respuesta es o incluye una fracción!!!",-1/3
Algebra ,Resolver ecuaciones y desigualdades ,Ecuaciones con paréntesis: decimales y fracciones ,"Despeja a cuando 3 + 0.5(4a + 8) = 9 − 2a ¡¡¡Ojo, esta respuesta es o incluye una fracción!!!",1/2
Algebra ,Resolver ecuaciones y desigualdades ,Ecuaciones con paréntesis: decimales y fracciones ,Despeja 1/2r - 3 = 3(4 - 3/2r),3
Algebra ,Trabajar con unidades,Tasa de conversión,"El automóvil de Lily tiene una eficiencia de combustible de 8 litros por 100 kilómetros.
¿Cuál es la eficiencia del combustible del automóvil de Lily en kilómetros por litro?",12.5
Algebra ,Trabajar con unidades,Tasa de conversión,El brazo de un lanzador gira a una velocidad de 7 grados por milisegundo.  ¿A qué velocidad gira el brazo del lanzador en grados/segundos?,7000
Algebra ,Trabajar con unidades,Tasa de conversión,"Riya está poniendo abono en su jardín. Lo pone a una tasa de 250,000^3de espacio de jardín. ¿A qué tasa Riya pone abono en m(cubicos)/m(cuadrados)?",0.25
Algebra ,Trabajar con unidades,Tasa de conversión,Una onda de sonido viaja a traves del hierro a una tasa de 5120m/s. ¿A qué tasa viaja la onda de sonido en km/h?,18432
Algebra ,Trabajar con unidades,Tasa de conversión,Buan rema en un equipo de canotaje. Su equipo remó a una tasa de 2min/500metros. ¿Cual es la tasa a la que rema el equipo de Bulan en m/min?,250
Algebra ,Trabajar con unidades,Conversión: Tasa de conversión,La presión del agua sobre Mustafa mientras este se sumerge está aumentando a una tasa de 0.992 atmósferas (atm) por metro (m). ¿Cuál es la tasa del aumento en la presión del agua en atm/km?,992
Algebra ,Trabajar con unidades,Conversión: Tasa de conversión,Una lámina de vidrio tiene una densidad de 2.5 g/cm^3. ¿Cuál es la densidad del vidrio en kg/m^3?,2500
Algebra ,Trabajar con unidades,Conversión: Tasa de conversión,Uche bombea gasolina a una tasa de 18 1/min. ¿Cual es la tasa a la que Uche bombea en ml/s?,300
Algebra ,Trabajar con unidades,Conversión: Tasa de conversión,"En 2016, la ciudad de Río de Janeiro tenía una densidad de población de 5377 personas/km^2. ¿Cuál era la densidad de población de Río de Janeiro en personas por metro cuadrado? Utiliza 3 puntos decimales para este inciso",0.005
Algebra ,Trabajar con unidades,Conversión: Tasa de conversión,La tasa de gluten en cierto alimento es 13 mg de gluten por 1 de alimento. ¿Cuál es la tasa de gluten en microgramos por mililitro (hg/ml)? ,13
Algebra ,Trabajar con unidades,Usar unidades para resolver problemas ,"Dagogo sube 3 videos en su canal cada mes. Cada video dura un promedio de 15 minutos y obtiene un promedio de 150,000 nuevas vistas. La tasa promedio de ""me gusta"" a vistas en los videos de Dagogo es 1:5. Dagogo quiere alcanzar un total de 9,000,000 de vistas en su canal. Suponiendo que estas tasas continúan, ¿cuántos ""me gusta"" obtendrá Dagogo, en promedio, por cada minuto de video que suba?",2000
Algebra ,Trabajar con unidades,Usar unidades para resolver problemas ,"Lennox tiene una plantación de manzanos. Ella transporta sus manzanas a varios mercados utilizando una flota de camiones. Cada semana, cada camión realiza 3 viajes, y por cada viaje Lennox obtiene 300 dólares. En un solo viaje, un camión entrega 50 paquetes, y cada paquete contiene 12 kilogramos de manzanas. En general, Lennox vende 4500 dólares de manzanas en una semaa. ¿Cuántos camiones hay en la flota de Lennox? ",5
Algebra ,Trabajar con unidades,Usar unidades para resolver problemas ,"Roselyn está manejando para ir a visitar a su familia, que vive a 150 kilómetros. Su rapidez promedio es de 60 kilometros por hora. El tanque del automovil tiene 20 litros de combustible al inicio del viaje, y su eficiencia de combustible es de 6 kilometros por litro. El combustible cuesta 0.60 dolares por litro. ¿Cuánto tiempo puede viajar Roselyn antes de quedarse sin combustible?",2
Algebra ,Trabajar con unidades,Usar unidades para resolver problemas ,"David está preparando arroz para sus invitados con base en una receta que lleva arroz, agua y una mezcla especial de especias, donde la proporción de arroz a especias es 15:1. Tiene 40 gramos de la mezcla de especias, y puede ir a comprar mas si es necesario. Quiere hacer 10 porciones, donde cada porción lleva 75 gramos de arroz. En total, David gasta 4.50 dólares en arroz. ",8
Algebra ,Trabajar con unidades,Usar unidades para resolver problemas ,"En la casa de la familia de Trevor viven 6 personas (incluyendo a Trevor) y hay 3 baños. EN el último mes, cada persona se baño durante un promedio de 480 minutos y utilizó un promedio de 72 litros de agua al bañarse (en todo el mes). El agua cuesta 0.20 dólares por litro. ¿Cuánto pagó la familia de Trevor por minuto en agua al bañarse? ",0.03
Trigonometría,Triangulos no rectángulos y trigonometría ,Resuelve triángulos con la ley de los senos ,"Se nos otorga una figura triangular, en donde debemos calcular el angulo de una de sus esquinas. SI consideramos que debemos calcular el angulo de C, sabiendo que la hipotenusa equivale a 18, que uno de sus catetos adyacentes vale 7, y el angulo que se nos otorga es 68°, y por defecto el otro equivale 90°; calcula el angulo faltante ",21
Trigonometría,Triangulos no rectángulos y trigonometría ,Resuelve triángulos con la ley de los senos ,"Se nos otorga una figura triangular, en donde debemos calcular la longitud del cateto BC.  Si sabemos que uno de sus angulos mide 67°, otro mide 80° y la hipotenusa (Tramo AC) vale 20, ¿cuánto medirá el tramo BC?",18.7
Trigonometría,Triangulos no rectángulos y trigonometría ,Resuelve triángulos con la ley de los senos ,"Se nos otorga una figura triangular, en donde debemos calcular el angulo de A, la cual cuenta como hipotenusa 12, y cateto opuesto 16, asi como otro angulo de 40°. ¿Cuál es el angulo de A?",121
Trigonometría,Triangulos no rectángulos y trigonometría ,Resuelve triángulos con la ley de los senos ,"Se nos otorga una figura triangular, en donde nos piden calcular la longitud del cateto AB, el cual cuenta con 2 angulos, 65° y 81°, asi como un como uno de sus catetos, el cual mide 10. Considera que AB es la hipotenusa. ¿Cuál es la longitud de dicho angulo?",17.7
Trigonometría,Triangulos no rectángulos y trigonometría ,Resuelve triángulos con la ley de los senos ,"Se nos otorga una figura triangular, en la cuál se sabe que la hipotenusa mide 26, uno de los catetos mide 20, y el angulo opuesto al cateto mide 48°. Nos solicitan el angulo que se encuentra de frente a la hipotenusa. ¿Cuál es la medida de dicho ángulo?",75
Trigonometría,Triangulos no rectángulos y trigonometría ,Resuelve triángulos con la ley de los cosenos ,"Se nos otorga una figura triangular en la que nos dan la medida de los 3 catetos, siendo 7 el adyacente, 8 el opuesto, y 13 la hipotenusa. Calcula el valor del angulo C",32
Trigonometría,Triangulos no rectángulos y trigonometría ,Resuelve triángulos con la ley de los cosenos ,"Se nos otorga una figura triangular en la que nos dan la medida de ambos catetos, siendo 12 uno, y 15 el otro, asi como la medida de un angulo, 83°. Porfavor calcula el cateto opuesto del angulo, la hipotenusa",18
Trigonometría,Triangulos no rectángulos y trigonometría ,Resuelve triángulos con la ley de los cosenos ,"Se nos otorga una figura triangular en la que nos dan los valores de los 3 catetos, siendo 6 el cateto adyacente, 13 el cateto opuesto y 15 la hipotenusa. Porfavor calcula el valor del angulo",59
Trigonometría,Triangulos no rectángulos y trigonometría ,Resuelve triángulos con la ley de los cosenos ,"Se nos otorga una figura triangular en la que nos dan los valores de la hipotenusa, 13, y el cateto adyacente, 6, asi como del angulo, 91°, y se nos pide el valor de la hipotenusa. Pofavor calcule e ingrese el valor de dicho cateto.",14.4
Trigonometría,Triangulos no rectángulos y trigonometría ,Resuelve triángulos con la ley de los cosenos ,"Se nos otorga una figura triangular en la que nos dan los valores de los tres catetos, contando con el cateto adyacente con un valor de 8, el caateto opuesto con un valor de 14, y la hipotenusa con un valor de 15. Porfavor ingrese el valor del angulo. ",67
Trigonometría,Triangulos no rectángulos y trigonometría ,Problemas verbales sobre triangulos ,"El mapa del tesoro de Peter dice que el tesoro está a 673 pasos de Pinnacle Point y a 861 pasos de Skeleton Cove, como se muestra. Pinnacle Point y Skeleton Cove están a 989 pasos de distancia.Si Peter está en Pinnacle Point y frente a Skeleton Cove, ¿cuántos grados debe girar antes de caminar 673 pasos hasta el tesoro?
No redondees durante tus cálculos. Redondea tu respuesta final al grado más cercano.",59
Trigonometría,Triangulos no rectángulos y trigonometría ,Problemas verbales sobre triangulos ,"El radar de Lara en su submarino detecta otros dos submarinos cercanos, como se muestra a continuación. El primer submarino está a 360m, el segundo submarino esta a 250m, y el angulo entre ellos es de 34°. ¿Cuál es la distancia entre los otros dos submarinos?",207
Trigonometría,Triangulos no rectángulos y trigonometría ,Problemas verbales sobre triangulos ,"Puma Grove, la primera golfista mujer de la historia, está a dos tiros de ganar otro torneo.
Desde un marcador que está a 200 metros del pin, el ángulo entre el pin y la pelota es de 110°, degree, como se muestra.
Desde la pelota, Puma revisa el ángulo entre el marcador y el pin, hace los cálculos y luego hace el swing. Su pelota recorre 234 metros en forma directa hacia el pin. 
¿Cuál era la medida del ángulo entre el marcador y el pin?
No redondees durante tus cálculos. Redondea tu respuesta final al grado más cercano.",53
Trigonometría,Triangulos no rectángulos y trigonometría ,Problemas verbales sobre triangulos ,"Amit construyó dos catapultas para bolas de nieve. Las catapultas están a una distancia de 14.5m entre sí, como se muestra. Desde la catapulta A, hay un ángulo de 96° entre la catapulta B y el objetivo. Desde la catapulta B, hay un ángulo de 58° entre la catapulta A y el objetivo. ¿Qué distancia se debe lanzar la bola de nieve con la catapulta B para que llegue al objetivo?
No redondees durante tus cálculos. Redondea tu respuesta final a la décima de metro más cercana.",32.9
Trigonometría,Triangulos no rectángulos y trigonometría ,Problemas verbales sobre triangulos ,"Un robot se desplaza 3m, gira más de 90°, degree en el sentido de las manecillas del reloj, se desplaza 4m más, gira en el sentido de las manecillas del reloj de nuevo y luego se desplaza 6m. El robot termina donde comenzó, como se muestra.¿Cuánto giró el robot la primera vez?
No redondees durante tus cálculos. Redondea tu respuesta final al grado más cercano.",120
Trigonometría,Funciones trigonometricas ,Radianes y grados ,"Convierte el angulo 310° a radianes ¡¡¡Ojo, esta respuesta es o incluye una fracción!!!",31pi/18
Trigonometría,Funciones trigonometricas ,Radianes y grados ,Convierte el angulo 17pi/18 de radianes a grados,170
Trigonometría,Funciones trigonometricas ,Radianes y grados ,"Convierte el angulo 100° a radianes ¡¡¡Ojo, esta respuesta es o incluye una fracción!!!",5pi/9
Trigonometría,Funciones trigonometricas ,Radianes y grados ,Convierte el angulo 257pi/360 de radianes a grados ,128.5
Trigonometría,Funciones trigonometricas ,Radianes y grados ,"Convierte el angulo 230° a radianes ¡¡¡Ojo, esta respuesta es o incluye una fracción!!!",23pi/18
Trigonometría,Funciones trigonometricas ,Usa la identidad pitagorica ,"El angulo teta esta en el cuadrante 3, y seno de teta = -√3 / 2. Calcula el valor de coseno de teta ¡¡¡Ojo, esta respuesta es o incluye una fracción!!!",-1/2
Trigonometría,Funciones trigonometricas ,Usa la identidad pitagorica ,"El angulo teta esta en el cuadrante 1, y coseno de teta = 3/8. Calcula el valor de seno de teta. ¡¡¡Ojo, esta respuesta es o incluye una fracción!!!",sqrt(55/8)
Trigonometría,Funciones trigonometricas ,Usa la identidad pitagorica ,"El angulo de teta se localiza en el cuadrante 4, y coseno de teta = 3/5. Calcula el seno de teta ¡¡¡Ojo, esta respuesta es o incluye una fracción!!!",-4/5
Trigonometría,Funciones trigonometricas ,Usa la identidad pitagorica ,"El angulo de teta está en el cuadrante 2, y seno de teta = 1/4. Calcula el coseno de teta ¡¡¡Ojo, esta respuesta es o incluye una fracción!!!",-sqrt(15/4)
Trigonometría,Funciones trigonometricas ,Usa la identidad pitagorica ,"El angulo de teta esta en el cuadrante 3, y coseno de teta = -5/8. Calcula el seno de teta.  ¡¡¡Ojo, esta respuesta es o incluye una fracción!!!",-sqrt(39/8)
Trigonometría,Funciones trigonometricas ,Valores trigonometricos de angulos especiales ,"Calcula el coseno de 150° ¡¡¡Ojo, esta respuesta es o incluye una fracción!!!",-sqrt(3/2)
Trigonometría,Funciones trigonometricas ,Valores trigonometricos de angulos especiales ,"Calcula el seno de 150° ¡¡¡Ojo, esta respuesta es o incluye una fracción!!!",1/2
Trigonometría,Funciones trigonometricas ,Valores trigonometricos de angulos especiales ,"Calcula el coseno de 315° ¡¡¡Ojo, esta respuesta es o incluye una fracción!!!",sqrt(2/2)
Trigonometría,Funciones trigonometricas ,Valores trigonometricos de angulos especiales ,"Calcula el seno de 315° ¡¡¡Ojo, esta respuesta es o incluye una fracción!!!",-sqrt(2/2)
Trigonometría,Funciones trigonometricas ,Valores trigonometricos de angulos especiales ,"Calcula el seno de (4pi/3) ¡¡¡Ojo, esta respuesta es o incluye una fracción!!!",-sqrt(3/2)
Trigonometría,Identidades y ecuaciones trigonometricas,Evalua Funciones trigonometricas inversas ,¿Cual es el valor principal de tan^-1(-21)?,-1.52
Trigonometría,Identidades y ecuaciones trigonometricas,Evalua Funciones trigonometricas inversas ,¿Cuál es el valor principal de cos^-1(0.69)?,46.4
Trigonometría,Identidades y ecuaciones trigonometricas,Evalua Funciones trigonometricas inversas ,¿Cuál es el valor principal de arcsin(0.36)?,21.1
Trigonometría,Identidades y ecuaciones trigonometricas,Evalua Funciones trigonometricas inversas ,¿Cuál es el valor principal de tan^-1(-44)?,-88.7
Trigonometría,Identidades y ecuaciones trigonometricas,Evalua Funciones trigonometricas inversas ,¿Cuál es el valor principal de sin^-1(0.43)?,0.44
Trigonometría,Identidades y ecuaciones trigonometricas,Problemas verbales de modelos sinusoidales,"Hambriento Harry es un ogro gigante con un apetito que varía a lo largo del día. H(t) modela el peso (en kg) de un cordero que Harry quiere devorar ttt horas después de despertar. Aquí t se ingresa en radianes.H(t)= 12sin(2pi/24)t + 15. ¿Cual es la segunda vez, desde que Harry despierta, que quiere comer 17kg de cordero?",11.4
Trigonometría,Identidades y ecuaciones trigonometricas,Problemas verbales de modelos sinusoidales,"Un camion de helados con musica muy ruidosa da vueltas por el vecindario de Bulan. C(t) modela el volumen de la musica en dB que Bulan oye, t minutos despues que el camion llega al vecindario. Aqui t se ingresa en radianes. C(t)= -15cos(2pi/15)t+65. ¿Cuantos minutos despues de que llega el camion el volumen alcanza 75dB por primera vez? Redondea tu respuesta final a la decima de minuto mas cercana ",5.5
Trigonometría,Identidades y ecuaciones trigonometricas,Problemas verbales de modelos sinusoidales,"T(t) modela la temperatura máxima diaria (C°) en Santiago de Chile, t días después del día más caluroso del año. Aquí t se ingresa en radianes. T(t)= 7.5cos(2pi/365)t + 21.5. ¿Cualo es la segunda vez, despues del dia mas caluroso del año, que la temperatura maxima diaria alcanza 20°C.",262
Trigonometría,Identidades y ecuaciones trigonometricas,Problemas verbales de modelos sinusoidales,"M(t) modela la distancia (en millones km) de Marte al Sol, t días después de estar en su posición más lejana. Aquí t se ingresa en radianes. M(t)=21cos(2pi/687)t+228. ¿Cuántos dias despues Marte llega por primera vez a 220 millones de km del Sol? Redondea tu respuesta final al dia completo mas cercano",214
Trigonometría,Identidades y ecuaciones trigonometricas,Problemas verbales de modelos sinusoidales,"Lena toca su acordeón al comprimirlo y estirarlo. La longitud del acordeón (en cm), t segundos después desde que está completamente estirado, se modela con A(t). Aquí t se ingresa en radianes. A(t)= 25cos(pi*t)+65. ¿Cuanto tiempo le toma a Lena comprimir el acordeón completamente y estirarlo a una longitud de 50cm? Redondea tu respuesta final a la decima de segundo mas cercana. 
A(t) = {25}\cos\left(\pi t\right) + 65",1.3
Trigonometría,Identidades y ecuaciones trigonometricas,Cuestionario 1,¿Cual es el valor principal de arcos(-0.65)?,2.28
Trigonometría,Identidades y ecuaciones trigonometricas,Cuestionario 1,"W(t),modela el nivel diario de agua (en cm) en un estanque de Arizona, t días después del día más caluroso del año. Aquí t se ingresa en radianes. W(t)=15cos(2pi/365)t+43. ¿Cuál es la primera vez, después del día más caluroso del año, que el nivel del agua es 30cm?
Redondea tu respuesta final al día completo más cercano.",152
Trigonometría,Identidades y ecuaciones trigonometricas,Cuestionario 1,¿Cual es el valor principal de tan-1(-1.4)?,-0.95
Trigonometría,Identidades y ecuaciones trigonometricas,Cuestionario 1,"E(t), modela la cantidad diaria de energía (en kilojoules,kJ) que genera un panel solar en Pago Pago t días después del equinoccio de otoño. Aquí t se ingresa en radianes. E(t)=624sin(2pi/365)t + 8736. ¿Cuál es el primer dia, despues del equinoccio de otoño, en el que el panel genera 8400kJ? Redondea tu respuesta final al día completo mas cercano. ",216
Trigonometría,Identidades y ecuaciones trigonometricas,Cuestionario 1,¿Cuál es el valor principal de arccos (-1)?,180
Geometría,Semejanza,Introducción a ecuaciones racionales,"Despeja q cuando 10/(2q+8)=10 ¡¡¡Ojo, esta respuesta es o incluye una fracción!!!",-7/2
Geometría,Semejanza,Introducción a ecuaciones racionales,"Despeja r cuando (4r-6)/(r-7) = 1/2 ¡¡¡Ojo, esta respuesta es o incluye una fracción!!!",5/7
Geometría,Semejanza,Introducción a ecuaciones racionales,"Despeja r cuando (4r)/(5r+6) = 1/6 ¡¡¡Ojo, esta respuesta es o incluye una fracción!!!",6/19
Geometría,Semejanza,Introducción a ecuaciones racionales,Despeja r cuadno (-8)/(r+6) = 4,-8
Geometría,Semejanza,Introducción a ecuaciones racionales,"Despeja x cuando (5x-5)/(x-2) = 1/3 ¡¡¡Ojo, esta respuesta es o incluye una fracción!!!",13/14
Geometría,Semejanza,Introducción a ecuaciones racionales,"Despeja k cuadno (5k-2)/3k = 7 ¡¡¡Ojo, esta respuesta es o incluye una fracción!!!",-1/8
Geometría,Semejanza,Introducción a ecuaciones racionales,"Despeja k cuando 3/2k = 5 ¡¡¡Ojo, esta respuesta es o incluye una fracción!!!",3/10
Geometría,Semejanza,Introducción a ecuaciones racionales,"Despeja y cuando (y-1)/(3y+7) = 1/10 ¡¡¡Ojo, esta respuesta es o incluye una fracción!!!",17/7
Geometría,Semejanza,Introducción a ecuaciones racionales,"Despeja t cuando (t+9)/(t+4) = 5 ¡¡¡Ojo, esta respuesta es o incluye una fracción!!!",-11/4
Geometría,Semejanza,Introducción a ecuaciones racionales,Despeja n cuando (4n-2)/(2n) = 7,-0.2
Geometría,Semejanza,Introducción a ecuaciones racionales,Despeja q cuando (10)/(2q+8) = 1/10,46
Geometría,Semejanza,Introducción a ecuaciones racionales,"Despeja p cuando (2p+1)/(5p+6) = 1/7 ¡¡¡Ojo, esta respuesta es o incluye una fracción!!!",-1/9
Geometría,Semejanza,Introducción a ecuaciones racionales,"Despeja y cuando (2y-4)/(y+7) = 1/3 ¡¡¡Ojo, esta respuesta es o incluye una fracción!!!",19/5
Geometría,Semejanza,Introducción a ecuaciones racionales,Despeja k cuando (6)/(2k-6)=3,4
Geometría,Semejanza,Introducción a ecuaciones racionales,"Despeja x cuando (3x-2)/(3x+1) = 1/3 ¡¡¡Ojo, esta respuesta es o incluye una fracción!!!",7/6
Geometría,Triangulos rectánuglos y trigonometría ,Desafío con el teorema de Pitágoras,El superyate Tetrahedron es un tetraedro regular con aristas de 20m de longitud. La distancia r de una esquina al centro de la base es de 11.5. ¿Cual es la altura vertical h del tetraedro? Redondea tu respuesta a la decima de metro mas cercana ,16.4
Geometría,Triangulos rectánuglos y trigonometría ,Desafío con el teorema de Pitágoras,"Ryan va a colocar un tendedero para ropa en su patio trasero rectangular. QUiere colgarlo entre dos arboles en el borde de su terreno. Midió su terreno, y la medida le dio 10m de largo por un lado antes de colgar la soga, y 25m del otro antes de colgar la otra punta de la soga, y de alto midio 20cm. ¿Cual es la minima longitud de cuerda que Ryan puede comprar para que se extienda de un árbol al otro? ",25
Geometría,Triangulos rectánuglos y trigonometría ,Desafío con el teorema de Pitágoras,"Un constructor coloca tuberias de drenaje que descienden 1cm cada 30cm horizontales, para evitar obstrucciones. Cierta tuberia deberia de curbir una distancia horizontal de 700cm. ¿Cual es la longitud l de esta tuberia? Redondea tu respuesta a la centesima de metro mas cercana",700.4
Geometría,Triangulos rectánuglos y trigonometría ,Desafío con el teorema de Pitágoras,"El Museu Blau en Barcelona, España, es un museo de ciencias naturales construido en forma de prisma triangular. La base del edificio es un triángulo equilátero de 180 metros en cada lado. La altura del prisma es 25m. Determina la altura h de la base triangular. Redonde tu respuesta a la decima mas cercana. ",155.9
Geometría,Triangulos rectánuglos y trigonometría ,Desafío con el teorema de Pitágoras,"Un constructor hace escaleras con cada escalón de 28cm de largo y elevacion de 18cm, para que la gente no se tropiece. Todas las escaleras tienen un larguero: un soporte diagonal que conecta los escalones. Cierta escalera tiene 6 escalones. ¿Cuál es la longitud l del larguero para esta escalera?",199.7
Geometría,Triangulos rectánuglos y trigonometría ,Desafío con el teorema de Pitágoras,"El Palacio de paz y acuerdo en Astana, Kazakhstan, fue construido en 2006. El edificio tiene una estructura de pirámide recta con base cuadrada. La longitud de un lado de la base cuadrada es 62m, y la altura vertical de la pirámides también es 62m.¿Cual es la altura diagonal l de una de las caras triangulares? Redondea tu respuesta a la décima de metro más cercana",69.3
Geometría,Triangulos rectánuglos y trigonometría ,Desafío con el teorema de Pitágoras,"Carroll anda en bicicleta 1 kilómetro al este, 4 kilómetros al norte y después 5 de nuevo al este. ¿Que tan lejos está Carroll de su posicion original? Redondea tu respuesta a la décima de kilómetro más cercana. ",77.1
Geometría,Triangulos rectánuglos y trigonometría ,Desafío con el teorema de Pitágoras,"Un constructor hace todas sus rampas con razón 12:1, de base a altura, para que sean accesibles con sillas de ruedas. Cierta rampa necesita llegar a 0.8 metros de altura. ¿Cual es la longitud l de esta rampa? Redondea tu respuesta a la centesima de metro mas cercana.",9.63
Geometría,Triangulos rectánuglos y trigonometría ,Desafío con el teorema de Pitágoras,"Un astabandera se rompió en una tormenta. Originalmente era de 81 pies de alto. Todavía quedan 28 que salen del suelo en donde se rompió, pero el resto del asta se venció y está tocando el piso en algún sitio que está a cierta distancia. ¿Qué tan lejos está el extremo del asta de la base del asta a lo largo del suelo? ",45
Geometría,Triangulos rectánuglos y trigonometría ,Desafío con el teorema de Pitágoras,El Pyraminx es un juguete parecido al cubo de Rubik en forma de pirámide basada en triángulos. La longitud de cada arista del Pyraminx mostrado es 15cm. La altura de la pirámides es h=12.2cm. El triángulo dibujado con líneas punteadas es un triángulo rectángulo. ¿Cual es el radio r de la base de la piramide? Redondea tu respuesta a la decima de centimetro mas cercana. ,8.7
Geometría,Triangulos rectánuglos y trigonometría ,Desafío con el teorema de Pitágoras,"Julian trota 2 kilómetros al este, 4 kilómetros al norte y luego 7 kilómetros al oeste.",6.4
Geometría,Triangulos rectánuglos y trigonometría ,Desafío con el teorema de Pitágoras,"Un monumento en forma de un triángulo rectángulo yace sobre un pedestal rectangular de 5 metros de altura y 11 metros de largo. El lado más largo del monumento triangular mide 61 metros. ¿A que distancia del piso está la punta del monumento?
",65
Geometría,Triangulos rectánuglos y trigonometría ,Desafío con el teorema de Pitágoras,"Un astabandera se rompió durante una tormenta. 7 metros todavía sobresalen del suelo en donde se rompió, pero el resto del asta se venció y está tocando el piso en un punto que se encuentra a una distancia de 24 metros horizontalmente. ¿Qué tan alta era el astabandera antes de romperse?",32
Geometría,Triangulos rectánuglos y trigonometría ,Desafío con el teorema de Pitágoras,El superyate Tetrahedron diseñado por Jonathan Shwinge es un tetraedro regular con aristas de 20m de longitud. La distancia r de una esquina al centro de la base (se muestra en la imagen abajo) es 11.5m. ¿Cuál es la altura vertical hhh del tetraedro? Redondea tu respuesta a la décima de metro más cercana.,16.4
Geometría,Triangulos rectánuglos y trigonometría ,Desafío con el teorema de Pitágoras,"Ryan va a colocar un tendedero para ropa en su patio trasero rectangular. QUiere colgarlo entre dos arboles en el borde de su terreno. Midió su terreno, y la medida le dio 10m de largo por un lado antes de colgar la soga, y 25m del otro antes de colgar la otra punta de la soga, y de alto midio 20cm. ¿Cual es la minima longitud de cuerda que Ryan puede comprar para que se extienda de un árbol al otro? ",25
Geometría,Geometría analítica,La distancia entre dos puntos ,"¿Cuál es la distancia entre (-5,-5) y (-9,-2)? De ser la respuesta con raiz, porfavor ingresalo como sqrt(respuesta)",5
Geometría,Geometría analítica,La distancia entre dos puntos ,"¿Cuál es la distancia entre (-6,4) y (-8,6)? De ser la respuesta con raiz, porfavor ingresalo como sqrt(respuesta)",sqrt(8)
Geometría,Geometría analítica,La distancia entre dos puntos ,"¿Cuál es la distancia entre (-5,-6) y (-3,-8)? De ser la respuesta con raiz, porfavor ingresalo como sqrt(respuesta)",sqrt(8)
Geometría,Geometría analítica,La distancia entre dos puntos ,"¿Cuál es la distancia entre (-9,-6) y (-2,-2)? De ser la respuesta con raiz, porfavor ingresalo como sqrt(respuesta)",sqrt(65)
Geometría,Geometría analítica,La distancia entre dos puntos ,"¿Cuál es la distancia entre (-6,8) y (-3,9)? De ser la respuesta con raiz, porfavor ingresalo como sqrt(respuesta)",sqrt(10)
Geometría,Geometría analítica,La fórmula del punto medio,"El punto A esta en (-2,4) y el punto M, en (2.5,3.5). El punto M es el punto medio del punto A y el punto B. ¿Cuáles son las coordenadas del punto B? Ingresa tu respuesta en formato (Respuesta, Respuesta)","(7,3)"
Geometría,Geometría analítica,La fórmula del punto medio,"El punto A esta en (-1,8) y el punto B, en (7,3). ¿Cuál es el punto medio del segmento de la recta AB? Ingresa tu respuesta en formato (Respuesta, Respuesta). ","(3,5.5)"
Geometría,Geometría analítica,La fórmula del punto medio,"El punto A está en (-5,-4) y el punto M, en (0,-3.5). El punto M es el punto medio del punto A y el punto B. ¿Cuáles son las coordenadas del punto B? Porfavor ingresa tu respuesta en formato (respuesta, respuesta)","(5,-3)"
Geometría,Geometría analítica,La fórmula del punto medio,"El punto A está en (3,4) y el punto B en (8,-4). Cuál es el punto medio del segmento de recta AB? Porfavor ingresa tu respuesta en formato (respuesta, respuesta)","(5.5,0)"
Geometría,Geometría analítica,La fórmula del punto medio,"El punto A está en (3,-8) y el punto M en (5,-2.5). El punto M es el punto medio del punto A y el punto B. ¿Cuáles son las coordenadas del punto B? Porfavor ingresa tu respuesta en formato (Respuesta, Respuesta)","(7,3)"
Geometría,Geometría analítica,Divide segmentos de recta,"El punto A está en (2,-8) y el punto C está en (-4,7). Determina las coordenadas del punto B en AC, tales que la razón de AB a BC sea 2:1. Porfavor ingresa tu respuesta en formato (Respuesta,Respuesta)","(-2,2)"
Geometría,Geometría analítica,Divide segmentos de recta,"El punto A está en (-7,5) y el punto C está en (5,-1). Determina las coordenadas del punto B en AC, tales que AB sea 5 veces el largo de BC. Porfavor ingresa tu respuesta en formato (respuesta,respuesta). ","(3,0)"
Geometría,Geometría analítica,Divide segmentos de recta,"El punto A está en (-2,4) y el punto C está en (4,7). Determina las coordenadas del punto B en AC, tales que la razón de AB ia AC sea 1:3. Porfavor ingresa tu respuesta en formato (respuesta,respuesta)","(0,5)"
Geometría,Geometría analítica,Divide segmentos de recta,"El punto A está en (6,-6) y el punto C está en (-6,-2). Determina las coordenadas del punto B en AC, tales que AB=3/4AC. Porfavor ingresa tu respuesta en formato (respuesta, respuesta). ","(-3,-3)"
Geometría,Geometría analítica,Divide segmentos de recta,"El punto A está en (-6,-5) y el punto C está en (4,0). Determina las coordenadas del punto B en AC, tales que la razón de AB a BC sea 2:3. Porfavor ingresa tu respuesta en formato (respuesta, respuesta)","(-2,-3)"
Funciones,Funciones basicas,Evalúa Funciones ,f(x) = 5x-3. Ahora evalua esta función para f(5),22
Funciones,Funciones basicas,Evalúa Funciones ,k(t)=10t-19. Ahora evalua esta función para k(-7),-89
Funciones,Funciones basicas,Evalúa Funciones ,k(t)=13t-2. Ahora evalua esta función para k(3),37
Funciones,Funciones basicas,Evalúa Funciones ,f(t)=2t-3. Ahora evalua esta función para f(7),11
Funciones,Funciones basicas,Evalúa Funciones ,g(r)= -1=-7r. Ahora evalua esta función para g(6),-43
Funciones,Funciones basicas,Evalúa expresiones de funciones,−1⋅f(−9)+7⋅g(6) = respuesta,38
Funciones,Funciones basicas,Evalúa expresiones de funciones,10⋅f(7)+9⋅g(−1)= respuesta,-1
Funciones,Funciones basicas,Evalúa expresiones de funciones,−3⋅f(−8)+7⋅g(2)= respuesta ,-22
Funciones,Funciones basicas,Evalúa expresiones de funciones,5⋅f(1)+5⋅g(9)= respuesta,-55
Funciones,Funciones basicas,Evalúa expresiones de funciones,−1⋅f(−8)−4⋅g(4)= respuesta,-7
Funciones,Funciones basicas,Escribir funciones a partir de ecuaciones,"Para un valor de entrada m, la funcion f devuelve el valor de salida m que satisface la siguiente ecuación: 7m+2=6n-5. Escribe una formula para f(m) en terminos de m. ¡¡¡Ojo, esta respuesta es o incluye una fracción!!!",f(m)=7/6m + 7/6
Funciones,Funciones basicas,Escribir funciones a partir de ecuaciones,"Para un valor de entrada n, la función g devuelve el valor de salida m que satisface la siguiente ecuación: 3m-5n=11. Escribe una fórmula para g(n) en terminos de n. ¡¡¡Ojo, esta respuesta es o incluye una fracción!!!",g(n)=5/3n + 11/3
Funciones,Funciones basicas,Escribir funciones a partir de ecuaciones,"Para un valor r, la función g devuelve el valor de salida q que satisface la siguiente ecuación: 10q-r=14. Escribe una formula para g(r) en terminos de r.  ¡¡¡Ojo, esta respuesta es o incluye una fracción!!!",g(r)=3/10r + 7/5
Funciones,Funciones basicas,Escribir funciones a partir de ecuaciones,"Para un valor de entrada b, la función g devuelve el valor de salida a que satisface la siguiente ecuación: a-7=3(b+2). Escribe una fórmula para g(b) en términos de b.  ¡¡¡Ojo, esta respuesta es o incluye una fracción!!!",g(b)=3b + 13
Funciones,Funciones basicas,Escribir funciones a partir de ecuaciones,"Para un valor de entrada x, la función g devuelve el valor de salida y que satisface la siguiente ecuación: -4x-6=-5y+2. Escribe una fórmula para g(x) en términos de x.  ¡¡¡Ojo, esta respuesta es o incluye una fracción!!!",g(x)=4/5x + 8/5
Funciones,Valores de entrada y salida de una ,Entradas y salidas de funciones: ecuaciones,f(t) = -3t + 4. ¿Cuál sería el valor de t para que el resultado final de 19? ,-5
Funciones,Valores de entrada y salida de una ,Entradas y salidas de funciones: ecuaciones,f(t)=−2t+5. ¿Cuál sería el valor de t para que el resultado final de 13?,-4
Funciones,Valores de entrada y salida de una ,Entradas y salidas de funciones: ecuaciones,g(t)=6t−1. ¿Cuál sería el valor de t para que el resultado de -7?,-1
Funciones,Valores de entrada y salida de una ,Entradas y salidas de funciones: ecuaciones,h(x)=x−11. ¿Cuál sería el valor de x para que el resultado de -5?,6
Funciones,Valores de entrada y salida de una ,Entradas y salidas de funciones: ecuaciones,g(x)=−3x−8. ¿Cuál sería el valor de x para que el resultado de 10?,-6
Funciones,Valores de entrada y salida de una ,Encuentra funciones compuestas,g(x)=3-x^2 y h(x)=4-3x. Escribe (g o h)(x) en terminos de x. ,(g o h)(x)=-9x^2 + 24x - 13
Funciones,Valores de entrada y salida de una ,Encuentra funciones compuestas,f(x) =2x+3 y g(x)=x^2 - 3x + 1. Escribe g(f(x)) como una expresión en términos de x ,g(f(x))=2x^2+6x+1
Funciones,Valores de entrada y salida de una ,Encuentra funciones compuestas,"f(x)=7x+2 y g(x)=x^2/(x-5). Escribe g o f)(x) como una expresión en términos de x.  ¡¡¡Ojo, esta respuesta es o incluye una fracción!!!",(g o f)(x)=(49x^2+28x+4)/(7x-3)
Funciones,Valores de entrada y salida de una ,Encuentra funciones compuestas,g(x)=9x-2 & h(x)=3x^2+2x. Escribe h(g(x)) como una expresión en términos de x. ,h(g(x))=243x^2-90x+8
Funciones,Valores de entrada y salida de una ,Encuentra funciones compuestas,f(x)=2x^3+8 & h(x)= cbrt(12-5x). Escribe (f o h)(x) como una expresión en términos de x. ,(f o h)(x)=32-10x
Funciones,Valores de entrada y salida de una ,Determinar inversas de funciones lineales ,"¿Cuál es la inversa de la función f(x)=3x-2f(x)=3x−2? ¡¡¡Ojo, esta respuesta es o incluye una fracción!!!",f-1(x)=(x+2)/3
Funciones,Valores de entrada y salida de una ,Determinar inversas de funciones lineales ,"¿Cuál es la inversa de la función h(x) = 3/2(x-11)? ¡¡¡Ojo, esta respuesta es o incluye una fracción!!!",h-1(x)=2/3x+11
Funciones,Valores de entrada y salida de una ,Determinar inversas de funciones lineales ,"¿Cuál es la inversa de la función g(x)=-2(x-4)? ¡¡¡Ojo, esta respuesta es o incluye una fracción!!!",g-1(x)=-1/2x+4
Funciones,Valores de entrada y salida de una ,Determinar inversas de funciones lineales ,"¿Cuál es la inversa de la función g(x)=5(x-2)? ¡¡¡Ojo, esta respuesta es o incluye una fracción!!!",g-1(x)=1/5x+2
Funciones,Valores de entrada y salida de una ,Determinar inversas de funciones lineales ,"¿Cuál es la inversa de la función g(x)=-2/5x+3? ¡¡¡Ojo, esta respuesta es o incluye una fracción!!!",g-1(x)=-5/2(x-3)